NOMBRE OK,PLAZAS,CAT,MUNICIPIO,URL
MEDIUM CONQUERIDOR,109,4 estrellas,Valencia,http://comunitatvalenciana.com/viaje/alojamiento/ciudad-de-valencia/valencia/hoteles/medium-conqueridor
DIMAR,189,4 estrellas,Valencia,http://comunitatvalenciana.com/viaje/alojamiento/ciudad-de-valencia/valencia/hoteles/dimar
CASUAL VALENCIA DE LAS ARTES,91,4 estrellas,Valencia,http://comunitatvalenciana.com/viaje/alojamiento/ciudad-de-valencia/valencia/hoteles/itaca-consul-del-mar
EUROSTARS REY DON JAIME,550,4 estrellas,Valencia,http://comunitatvalenciana.com/viaje/alojamiento/ciudad-de-valencia/valencia/hoteles/beatriz-rey-don-jaime
SOLVASA VALENCIA,183,4 estrellas,Valencia,http://comunitatvalenciana.com/viaje/alojamiento/ciudad-de-valencia/valencia/hoteles/solvasa-valencia
PRIMUS VALENCIA,524,4 estrellas,Valencia,http://comunitatvalenciana.com/viaje/alojamiento/ciudad-de-valencia/valencia/hoteles/primus-valencia
TURÍA,340,4 estrellas,Valencia,http://comunitatvalenciana.com/viaje/alojamiento/ciudad-de-valencia/valencia/hoteles/turia
NH LAS ARTES,314,4 estrellas,Valencia,http://comunitatvalenciana.com/viaje/alojamiento/ciudad-de-valencia/valencia/hoteles/nh-las-artes
VINCCI LYS,200,4 estrellas,Valencia,http://comunitatvalenciana.com/viaje/alojamiento/ciudad-de-valencia/valencia/hoteles/vincci-lys
ILUNION VALENCIA 4,302,4 estrellas,Valencia,http://comunitatvalenciana.com/viaje/alojamiento/ciudad-de-valencia/valencia/hoteles/confortel-valencia
ILUNION AQUA 4,370,4 estrellas,Valencia,http://comunitatvalenciana.com/viaje/alojamiento/ciudad-de-valencia/valencia/hoteles/confortel-aqua
NH CENTER,386,4 estrellas,Valencia,http://comunitatvalenciana.com/viaje/alojamiento/ciudad-de-valencia/valencia/hoteles/nh-center
ONE SHOT PALACIO REINA VICTORIA,176,4 estrellas,Valencia,http://comunitatvalenciana.com/viaje/alojamiento/ciudad-de-valencia/valencia/hoteles/reina-victoria
ALAMEDA PLAZA,406,4 estrellas,Valencia,http://comunitatvalenciana.com/viaje/alojamiento/ciudad-de-valencia/valencia/hoteles/holiday-inn-valencia
AYRE HOTEL ASTORIA PALACE,401,4 estrellas,Valencia,http://comunitatvalenciana.com/viaje/alojamiento/ciudad-de-valencia/valencia/hoteles/ayre-hotel-astoria-palace
MELIA PLAZA,195,4 estrellas,Valencia,http://comunitatvalenciana.com/viaje/alojamiento/ciudad-de-valencia/valencia/hoteles/melia-plaza
HOTEL VINCCI PALACE,151,4 estrellas,Valencia,http://comunitatvalenciana.com/viaje/alojamiento/ciudad-de-valencia/valencia/hoteles/hotel-vincci-palace
TRYP VALENCIA FERIA,223,4 estrellas,Valencia,http://comunitatvalenciana.com/viaje/alojamiento/ciudad-de-valencia/valencia/hoteles/vora-fira
MEDIUM VALENCIA,199,4 estrellas,Valencia,http://comunitatvalenciana.com/viaje/alojamiento/ciudad-de-valencia/valencia/hoteles/medium-valencia
BARCELÓ VALENCIA,378,4 estrellas,Valencia,http://comunitatvalenciana.com/viaje/alojamiento/ciudad-de-valencia/valencia/hoteles/barcelo-valencia
SOROLLA PALACE,544,4 estrellas,Valencia,http://comunitatvalenciana.com/viaje/alojamiento/ciudad-de-valencia/valencia/hoteles/sorolla-palace
AD HOC PARQUE,82,4 estrellas,Valencia,http://comunitatvalenciana.com/viaje/alojamiento/hotel/hoteles/ad-hoc-parque
ABBA ACTEON,358,4 estrellas,Valencia,http://comunitatvalenciana.com/viaje/alojamiento/ciudad-de-valencia/valencia/hoteles/abba-acteon
AC HOTEL VALENCIA,277,4 estrellas,Valencia,http://comunitatvalenciana.com/viaje/alojamiento/ciudad-de-valencia/valencia/hoteles/ac-hotel-valencia
TRYP OCEANIC,396,4 estrellas,Valencia,http://comunitatvalenciana.com/viaje/alojamiento/ciudad-de-valencia/valencia/hoteles/tryp-oceanic
ATARAZANAS,67,4 estrellas,Valencia,http://comunitatvalenciana.com/viaje/alojamiento/ciudad-de-valencia/valencia/hoteles/atarazanas
EUROSTARS GRAN VALENCIA,220,4 estrellas,Valencia,http://comunitatvalenciana.com/viaje/alojamiento/ciudad-de-valencia/valencia/hoteles/eurostars-gran-valencia
VALENCIA CENTER,274,4 estrellas,Valencia,http://comunitatvalenciana.com/viaje/alojamiento/ciudad-de-valencia/valencia/hoteles/valencia-center
SENATOR PARQUE CENTRAL,386,4 estrellas,Valencia,http://comunitatvalenciana.com/viaje/alojamiento/ciudad-de-valencia/valencia/hoteles/senator-parque-central
PUERTA VALENCIA,314,4 estrellas,Valencia,http://comunitatvalenciana.com/viaje/alojamiento/ciudad-de-valencia/valencia/hoteles/puerta-valencia
NEPTUNO,81,4 estrellas,Valencia,http://comunitatvalenciana.com/viaje/alojamiento/ciudad-de-valencia/valencia/hoteles/neptuno
ZENIT VALENCIA,116,4 estrellas,Valencia,http://comunitatvalenciana.com/viaje/alojamiento/ciudad-de-valencia/valencia/hoteles/zenit-valencia
MELIA VALENCIA,608,4 estrellas,Valencia,http://comunitatvalenciana.com/viaje/alojamiento/ciudad-de-valencia/valencia/hoteles/melia-valencia
AC HOTEL COLON,181,4 estrellas,Valencia,http://comunitatvalenciana.com/viaje/alojamiento/ciudad-de-valencia/valencia/hoteles/ac-hotel-colon
VINCCI MERCAT,136,4 estrellas,Valencia,http://comunitatvalenciana.com/viaje/alojamiento/ciudad-de-valencia/valencia/hoteles/vincci-mercat
CATHEDRAL SUITES HOTEL,42,4 estrellas,Valencia,http://comunitatvalenciana.com/viaje/alojamiento/ciudad-de-valencia/valencia/hoteles/cathedral-suites-hotel
VALENCIA MERCAT,46,4 estrellas,Valencia,http://comunitatvalenciana.com/viaje/alojamiento/ciudad-de-valencia/valencia/hoteles/valencia-mercat
BELERET,140,3 estrellas,Valencia,http://comunitatvalenciana.com/viaje/alojamiento/ciudad-de-valencia/valencia/hoteles/beleret
NH CIUDAD DE VALENCIA,293,3 estrellas,Valencia,http://comunitatvalenciana.com/viaje/alojamiento/ciudad-de-valencia/valencia/hoteles/nh-ciudad-de-valencia
RENASA,132,3 estrellas,Valencia,http://comunitatvalenciana.com/viaje/alojamiento/ciudad-de-valencia/valencia/hoteles/renasa
EXPO HOTEL - VALENCIA,754,3 estrellas,Valencia,http://comunitatvalenciana.com/viaje/alojamiento/ciudad-de-valencia/valencia/hoteles/expo-hotel-valencia
VILLACARLOS,96,3 estrellas,Valencia,http://comunitatvalenciana.com/viaje/alojamiento/ciudad-de-valencia/valencia/hoteles/villacarlos
CATALONIA EXCELSIOR,161,3 estrellas,Valencia,http://comunitatvalenciana.com/viaje/alojamiento/ciudad-de-valencia/valencia/hoteles/catalonia-excelsior
SOROLLA CENTRO,110,3 estrellas,Valencia,http://comunitatvalenciana.com/viaje/alojamiento/ciudad-de-valencia/valencia/hoteles/sorolla-centro
MEDITERRÁNEO,62,3 estrellas,Valencia,http://comunitatvalenciana.com/viaje/alojamiento/ciudad-de-valencia/valencia/hoteles/mediterraneo
ILUNION VALENCIA 3,313,3 estrellas,Valencia,http://comunitatvalenciana.com/viaje/alojamiento/ciudad-de-valencia/valencia/hoteles/ibis-palacio-de-congresos
ILUNION AQUA 3,265,3 estrellas,Valencia,http://comunitatvalenciana.com/viaje/alojamiento/ciudad-de-valencia/valencia/hoteles/confortel-aqua-3
MALCOM AND BARRET,276,3 estrellas,Valencia,http://comunitatvalenciana.com/viaje/alojamiento/ciudad-de-valencia/valencia/hoteles/sh-abashiri
AD HOC MONUMENTAL,51,3 estrellas,Valencia,http://comunitatvalenciana.com/viaje/alojamiento/ciudad-de-valencia/valencia/hoteles/ad-hoc
PETIT PALACE BRISTOL,72,3 estrellas,Valencia,http://comunitatvalenciana.com/viaje/alojamiento/ciudad-de-valencia/valencia/hoteles/petit-palace-bristol
KRAMER,138,3 estrellas,Valencia,http://comunitatvalenciana.com/viaje/alojamiento/ciudad-de-valencia/valencia/hoteles/kris-abadia
BB VALENCIA CIUDAD DE LAS CIENCIAS,179,3 estrellas,Valencia,http://comunitatvalenciana.com/viaje/alojamiento/ciudad-de-valencia/valencia/hoteles/express-holiday-inn-valencia-san-luis
PETIT PALACE GERMANIAS,66,3 estrellas,Valencia,http://comunitatvalenciana.com/viaje/alojamiento/ciudad-de-valencia/valencia/hoteles/petit-palace-germanias
VILLARREAL,33,3 estrellas,Valencia,http://comunitatvalenciana.com/viaje/alojamiento/ciudad-de-valencia/valencia/hoteles/villarreal
JARDIN BOTANICO,32,3 estrellas,Valencia,http://comunitatvalenciana.com/viaje/alojamiento/ciudad-de-valencia/valencia/hoteles/chill-art-jardin-botanico
NH LAS CIENCIAS,203,3 estrellas,Valencia,http://comunitatvalenciana.com/viaje/alojamiento/ciudad-de-valencia/valencia/hoteles/express-las-artes
EL COSO DEL MAR,28,3 estrellas,Valencia,http://comunitatvalenciana.com/viaje/alojamiento/ciudad-de-valencia/valencia/hoteles/el-coso-del-mar
HOLIDAY INN EXPRESS CIUDAD DE LAS CIENCIAS,200,3 estrellas,Valencia,http://comunitatvalenciana.com/viaje/alojamiento/ciudad-de-valencia/valencia/hoteles/holiday-inn-express-ciudad-de-las-ciencias
SH INGLES.,122,3 estrellas,Valencia,http://comunitatvalenciana.com/viaje/alojamiento/hoteles/sh-ingles
GABBANA BEACH,22,3 estrellas,Valencia,http://comunitatvalenciana.com/viaje/alojamiento/ciudad-de-valencia/valencia/hoteles/gabbana-beach
BALANDRET,42,3 estrellas,Valencia,http://comunitatvalenciana.com/viaje/alojamiento/ciudad-de-valencia/valencia/hoteles/balandret
SAN LORENZO BOUTIQUE,83,3 estrellas,Valencia,http://comunitatvalenciana.com/viaje/alojamiento/ciudad-de-valencia/valencia/hoteles/san-lorenzo-boutique
EL SIGLO,18,3 estrellas,Valencia,http://comunitatvalenciana.com/viaje/alojamiento/valencia/hoteles/el-siglo
ONE SHOT COLON 46,88,3 estrellas,Valencia,http://comunitatvalenciana.com/viaje/alojamiento/ciudad-de-valencia/valencia/hoteles/one-shot-46
PLAZA DEL MERCADO,77,3 estrellas,Valencia,http://comunitatvalenciana.com/viaje/alojamiento/ciudad-de-valencia/valencia/hoteles/plaza-del-mercado
UNIVERSIDADES,126,3 estrellas,Valencia,http://comunitatvalenciana.com/viaje/alojamiento/ciudad-de-valencia/valencia/hoteles/universidades-vs
VENECIA,104,2 estrellas,Valencia,http://comunitatvalenciana.com/viaje/alojamiento/ciudad-de-valencia/valencia/hoteles/venecia
CONTINENTAL,75,2 estrellas,Valencia,http://comunitatvalenciana.com/viaje/alojamiento/ciudad-de-valencia/valencia/hoteles/continental
ON DORMIRE VALENCIA,14,2 estrellas,Valencia,http://comunitatvalenciana.com/viaje/alojamiento/ciudad-de-valencia/valencia/hoteles/dormire-valencia
FLORIDA,71,2 estrellas,Valencia,http://comunitatvalenciana.com/viaje/alojamiento/ciudad-de-valencia/valencia/hoteles/florida
PATILLA,49,2 estrellas,Valencia,http://comunitatvalenciana.com/viaje/alojamiento/ciudad-de-valencia/valencia/hoteles/patilla
CHICOTE,35,2 estrellas,Valencia,http://comunitatvalenciana.com/viaje/alojamiento/ciudad-de-valencia/valencia/hoteles/chicote
SOL PLAYA,56,2 estrellas,Valencia,http://comunitatvalenciana.com/viaje/alojamiento/ciudad-de-valencia/valencia/hoteles/sol-playa
MIRAMAR,34,2 estrellas,Valencia,http://comunitatvalenciana.com/viaje/alojamiento/ciudad-de-valencia/valencia/hoteles/miramar
CASUAL VALENCIA DEL CINE,66,2 estrellas,Valencia,http://comunitatvalenciana.com/viaje/alojamiento/ciudad-de-valencia/valencia/hoteles/casual-hotel-valencia
AD HOC CARMEN,58,2 estrellas,Valencia,http://comunitatvalenciana.com/viaje/alojamiento/ciudad-de-valencia/valencia/hoteles/ad-hoc-carmen
CASUAL VALENCIA VINTAGE,143,2 estrellas,Valencia,http://comunitatvalenciana.com/viaje/alojamiento/ciudad-de-valencia/valencia/hoteles/casual-valencia-vintage
SOHOTEL VALENCIA,66,2 estrellas,Valencia,http://comunitatvalenciana.com/viaje/alojamiento/ciudad-de-valencia/valencia/hoteles/sohotel-valencia
BISBAL,19,1 estrella,Valencia,http://comunitatvalenciana.com/viaje/alojamiento/ciudad-de-valencia/valencia/hoteles/bisbal
ABASTOS,29,1 estrella,Valencia,http://comunitatvalenciana.com/viaje/alojamiento/ciudad-de-valencia/valencia/hoteles/abastos
ALKAZAR,30,1 estrella,Valencia,http://comunitatvalenciana.com/viaje/alojamiento/ciudad-de-valencia/valencia/hoteles/alkazar
EUROPA,89,1 estrella,Valencia,http://comunitatvalenciana.com/viaje/alojamiento/ciudad-de-valencia/valencia/hoteles/europa
VALENCIA FLATS ROOMS,63,1 estrella,Valencia,http://comunitatvalenciana.com/viaje/alojamiento/ciudad-de-valencia/valencia/hoteles/rooms-deluxe
VILLARREAL II,15,1 estrella,Valencia,http://comunitatvalenciana.com/viaje/alojamiento/ciudad-de-valencia/valencia/hoteles/villarreal-ii
ANDRES,52,1 estrella,Valencia,http://comunitatvalenciana.com/viaje/alojamiento/ciudad-de-valencia/valencia/hoteles/andres
LA BARRACA,54,1 estrella,Valencia,http://comunitatvalenciana.com/viaje/alojamiento/ciudad-de-valencia/valencia/hoteles/la-barraca
PENALTY,48,1 estrella,Valencia,http://comunitatvalenciana.com/viaje/alojamiento/ciudad-de-valencia/valencia/hoteles/penalty
DORMA VALENCIA HOSTAL,28,1 estrella,Valencia,http://comunitatvalenciana.com/viaje/alojamiento/ciudad-de-valencia/valencia/hoteles/dorma-valencia-hostal
BLAYET,54,1 estrella,Valencia,http://comunitatvalenciana.com/viaje/alojamiento/ciudad-de-valencia/valencia/hoteles/blayet
CASUAL VALENCIA DE LAS CIVILIZACIONES,26,1 estrella,Valencia,http://comunitatvalenciana.com/viaje/alojamiento/ciudad-de-valencia/valencia/hoteles/casual-hostal
DING DONG PALACETE,42,1 estrella,Valencia,http://comunitatvalenciana.com/viaje/alojamiento/ciudad-de-valencia/valencia/hoteles/ding-dong-palacete
EL GLOBO,36,1 estrella,Valencia,http://comunitatvalenciana.com/viaje/alojamiento/ciudad-de-valencia/valencia/hoteles/el-globo
ANTIGUA MORELLANA,36,1 estrella,Valencia,http://comunitatvalenciana.com/viaje/alojamiento/ciudad-de-valencia/valencia/hoteles/antigua-morellana
DING DONG NUNS,29,1 estrella,Valencia,http://comunitatvalenciana.com/viaje/alojamiento/ciudad-de-valencia/valencia/hoteles/ding-dong-nuns
DING DONG TELAS,26,1 estrella,Valencia,http://comunitatvalenciana.com/viaje/alojamiento/ciudad-de-valencia/valencia/hoteles/ding-dong-telas
RESIDENCIAL RR,21,1 estrella,Valencia,http://comunitatvalenciana.com/viaje/alojamiento/ciudad-de-valencia/valencia/hoteles/residencial-rr
UNIVERSAL,53,Pension,Valencia,http://comunitatvalenciana.com/viaje/alojamiento/ciudad-de-valencia/valencia/hoteles/universal
JERO,30,Pension,Valencia,http://comunitatvalenciana.com/viaje/alojamiento/ciudad-de-valencia/valencia/hoteles/jero
BARCELONA,13,Pension,Valencia,http://comunitatvalenciana.com/viaje/alojamiento/ciudad-de-valencia/valencia/hoteles/barcelona
TERMINUS,46,Pension,Valencia,http://comunitatvalenciana.com/viaje/alojamiento/ciudad-de-valencia/valencia/hoteles/terminus
EL RINCON,81,Pension,Valencia,http://comunitatvalenciana.com/viaje/alojamiento/ciudad-de-valencia/valencia/hoteles/el-rincon
BALCÓN AL MAR,25,Pension,Valencia,http://comunitatvalenciana.com/viaje/alojamiento/ciudad-de-valencia/valencia/hoteles/balcon-al-mar
HOSPEDERIA DEL PILAR,91,Pension,Valencia,http://comunitatvalenciana.com/viaje/alojamiento/ciudad-de-valencia/valencia/hoteles/hospederia-del-pilar
ALICANTE,31,Pension,Valencia,http://comunitatvalenciana.com/viaje/alojamiento/ciudad-de-valencia/valencia/hoteles/alicante
MORATIN,38,Pension,Valencia,http://comunitatvalenciana.com/viaje/alojamiento/ciudad-de-valencia/valencia/hoteles/moratin
JAMAICA,14,Pension,Valencia,http://comunitatvalenciana.com/viaje/alojamiento/ciudad-de-valencia/valencia/hoteles/jamaica
HOME BACKPACKERS,53,Pension,Valencia,http://comunitatvalenciana.com/viaje/alojamiento/ciudad-de-valencia/valencia/hoteles/home-backpackers
DEL CARMEN,54,Pension,Valencia,http://comunitatvalenciana.com/viaje/alojamiento/ciudad-de-valencia/valencia/hoteles/del-carmen
TARTESSOS,25,Pension,Valencia,http://comunitatvalenciana.com/viaje/alojamiento/ciudad-de-valencia/valencia/hoteles/tartessos
VALENCIA LOUNGE,23,Pension,Valencia,http://comunitatvalenciana.com/viaje/alojamiento/ciudad-de-valencia/valencia/hoteles/valencia-lounge
PARIS,32,Pension,Valencia,http://comunitatvalenciana.com/viaje/alojamiento/ciudad-de-valencia/valencia/hoteles/paris
SAN JOSE,25,Pension,Valencia,http://comunitatvalenciana.com/viaje/alojamiento/ciudad-de-valencia/valencia/hoteles/san-jose
MARTINEZ,18,Pension,Valencia,http://comunitatvalenciana.com/viaje/alojamiento/ciudad-de-valencia/valencia/hoteles/martinez
BB HI VALENCIA CANOVAS,8,Pension,Valencia,http://comunitatvalenciana.com/viaje/alojamiento/ciudad-de-valencia/valencia/hoteles/mare-de-deu-canovas
CASABLANCA,8,Pension,Valencia,http://comunitatvalenciana.com/viaje/alojamiento/ciudad-de-valencia/valencia/hoteles/casablanca
ACCOM HOSTEL PALACIOS,28,Pension,Valencia,http://comunitatvalenciana.com/viaje/alojamiento/ciudad-de-valencia/valencia/hoteles/accom-hostel-palacios
EL CID,23,Pension,Valencia,http://comunitatvalenciana.com/viaje/alojamiento/ciudad-de-valencia/valencia/hoteles/el-cid
RUSSAFA,11,Pension,Valencia,http://comunitatvalenciana.com/viaje/alojamiento/ciudad-de-valencia/valencia/hoteles/russafa
WAKSMAN,17,Pension,Valencia,http://comunitatvalenciana.com/viaje/alojamiento/ciudad-de-valencia/valencia/hoteles/waksman
MARE DE DEU JARDINES DEL TURIA,29,Pension,Valencia,http://comunitatvalenciana.com/viaje/alojamiento/ciudad-de-valencia/valencia/hoteles/mare-de-deu-jardines-del-turia
HOME YOUTH,38,Pension,Valencia,http://comunitatvalenciana.com/viaje/alojamiento/ciudad-de-valencia/valencia/hoteles/home-youth
MARE NOSTRUM,19,Pension,Valencia,http://comunitatvalenciana.com/viaje/alojamiento/ciudad-de-valencia/valencia/hoteles/mare-nostrum
PURPLE NEST HOSTEL,91,Pension,Valencia,http://comunitatvalenciana.com/viaje/alojamiento/ciudad-de-valencia/valencia/hoteles/purple-nest-hostel
RUZAFA ROOMS,10,Pension,Valencia,http://comunitatvalenciana.com/viaje/alojamiento/ciudad-de-valencia/valencia/hoteles/cadiz
STELLA MARIS,17,Pension,Valencia,http://comunitatvalenciana.com/viaje/alojamiento/ciudad-de-valencia/valencia/hoteles/stella-maris
INNSA,22,Pension,Valencia,http://comunitatvalenciana.com/viaje/alojamiento/ciudad-de-valencia/valencia/hoteles/innsa
ABC YOU,4,Pension,Valencia,http://comunitatvalenciana.com/viaje/alojamiento/ciudad-de-valencia/valencia/hoteles/abc-you
LOTELITO ROOMS BAR,36,Pension,Valencia,http://comunitatvalenciana.com/viaje/alojamiento/ciudad-de-valencia/valencia/hoteles/lotelito-rooms-bar
HABITACIONES BARRA 89,13,Pension,Valencia,http://comunitatvalenciana.com/viaje/alojamiento/ciudad-de-valencia/valencia/hoteles/habitaciones-barra-89
KASA KATIA GUEST HOUSE,9,Pension,Valencia,http://comunitatvalenciana.com/viaje/alojamiento/ciudad-de-valencia/valencia/hoteles/kasa-katia-guest-house
VALENCIA SUITS YOU,47,Pension,Valencia,http://comunitatvalenciana.com/viaje/alojamiento/ciudad-de-valencia/valencia/hoteles/valencia-suits-you
HOSPEDAJE CAMA DEL MAR,20,Pension,Valencia,http://comunitatvalenciana.com/viaje/alojamiento/ciudad-de-valencia/valencia/hoteles/hospedaje-cama-del-mar
L'ESPLAI VALENCIA,14,Pension,Valencia,http://comunitatvalenciana.com/viaje/alojamiento/ciudad-de-valencia/valencia/hoteles/lesplai-valencia
BB HI VALENCIA BOUTIQUE,32,Pension,Valencia,http://comunitatvalenciana.com/viaje/alojamiento/ciudad-de-valencia/valencia/hoteles/bb-hi-valencia-boutique
LA CASA DEL COLIBRI YOUTH HOSTEL,22,Pension,Valencia,http://comunitatvalenciana.com/viaje/alojamiento/ciudad-de-valencia/valencia/hoteles/la-casa-del-colibri-youth-hostel
ZALAMERA,19,Pension,Valencia,http://comunitatvalenciana.com/viaje/alojamiento/ciudad-de-valencia/valencia/hoteles/zalamera
HULOT BB VALENCIA,11,Pension,Valencia,http://comunitatvalenciana.com/viaje/alojamiento/ciudad-de-valencia/valencia/hoteles/hulot-bb-valencia
ESTACION DE VALENCIA NORD,,Pension,Valencia,http://comunitatvalenciana.com/viaje/alojamiento/ciudad-de-valencia/valencia/hoteles/estacion-de-valencia-nord
HOST HOME VALENCIA,14,Pension,Valencia,http://comunitatvalenciana.com/viaje/alojamiento/ciudad-de-valencia/valencia/hoteles/host-home-valencia
URBAN YOUTH HOSTEL,,Pension,Valencia,http://comunitatvalenciana.com/viaje/alojamiento/ciudad-de-valencia/valencia/hoteles/urban-youth-hostel
CREATIVE ROOMS,26,Pension,Valencia,http://comunitatvalenciana.com/viaje/alojamiento/ciudad-de-valencia/%255Bfield_shared_rel_municipio-title-raw%255D/hoteles/creative-rooms
CITY GARDEN BB,13,Pension,Valencia,http://comunitatvalenciana.com/viaje/alojamiento/ciudad-de-valencia/valencia/hoteles/city-garden-bb
REINA 12,20,Pension,Valencia,http://comunitatvalenciana.com/viaje/alojamiento/ciudad-de-valencia/valencia/hoteles/reina-12
MY LITTLE LOFT MARIOLA,14,Pension,Valencia,http://comunitatvalenciana.com/viaje/alojamiento/ciudad-de-valencia/valencia/hoteles/my-little-loft-mariola
SH VALENCIA PALACE,471,5 estrellas,Valencia,http://comunitatvalenciana.com/viaje/alojamiento/ciudad-de-valencia/valencia/hoteles/sh-valencia-palace
LAS ARENAS,510,5 estrellas,Valencia,http://comunitatvalenciana.com/viaje/alojamiento/ciudad-de-valencia/valencia/hoteles/las-arenas
PARADOR DE TURISMO EL SALER,130,5 estrellas,Valencia,http://comunitatvalenciana.com/viaje/alojamiento/ciudad-de-valencia/valencia/hoteles/parador-de-turismo-el-saler
PALAU DE LA MAR,134,5 estrellas,Valencia,http://comunitatvalenciana.com/viaje/alojamiento/ciudad-de-valencia/valencia/hoteles/palau-de-la-mar
THE WESTIN VALENCIA,272,5 estrellas,Valencia,http://comunitatvalenciana.com/viaje/alojamiento/ciudad-de-valencia/valencia/hoteles/westin-valencia
CAROHOTEL PALACIO MARQUES DE CARO,45,5 estrellas,Valencia,http://comunitatvalenciana.com/viaje/alojamiento/ciudad-de-valencia/valencia/hoteles/carohotel-palacio-marques-de-caro
